final energy consumption by sector and fuel,,,,,,,,,,,,,,,,,,,,,,,,,
scenario,region,sector,input,1990,2005,2010,2015,2020,2025,2030,2035,2040,2045,2050,2055,2060,2065,2070,2075,2080,2085,2090,2095,2100,Units
"Ref,date=2022-17-1T08:00:53-08:00",Bangkok,comm cooling,electricity,0.00502779,0.0155656,0.0208918,0.0232987,0.0256978,0.0266496,0.0275498,0.0281288,0.0286812,0.0289835,0.0290066,0.0285189,0.0276123,0.0263099,0.024738,0.0229146,0.0210404,0.0192095,0.0174443,0.0157954,0.0144414,EJ
"Ref,date=2022-17-1T08:00:53-08:00",Bangkok,comm heating,gas,0,0,4.00E-05,3.09E-05,3.57E-05,3.75E-05,3.94E-05,4.08E-05,4.20E-05,4.30E-05,4.35E-05,4.35E-05,4.31E-05,4.20E-05,4.04E-05,3.84E-05,3.60E-05,3.35E-05,3.09E-05,2.84E-05,2.64E-05,EJ
"Ref,date=2022-17-1T08:00:53-08:00",Bangkok,comm heating,refined liquids,1.50E-05,2.31E-05,9.84E-06,6.27E-06,6.12E-06,6.85E-06,7.33E-06,7.97E-06,8.76E-06,9.34E-06,1.00E-05,1.02E-05,1.00E-05,9.70E-06,9.20E-06,8.54E-06,7.94E-06,7.46E-06,7.11E-06,6.76E-06,6.47E-06,EJ
"Ref,date=2022-17-1T08:00:53-08:00",Bangkok,comm others,electricity,0.00740806,0.0229347,0.0307825,0.0343288,0.0427887,0.0476648,0.0529175,0.0577272,0.062393,0.0665769,0.0702514,0.0728739,0.074388,0.0745298,0.0735508,0.0713091,0.068524,0.0653532,0.0619572,0.0585281,0.0554925,EJ
"Ref,date=2022-17-1T08:00:53-08:00",Bangkok,comm others,gas,0,0,1.20E-05,1.36E-05,1.62E-05,1.66E-05,1.66E-05,1.62E-05,1.60E-05,1.68E-05,1.75E-05,1.71E-05,1.64E-05,1.54E-05,1.37E-05,1.26E-05,1.22E-05,1.14E-05,1.03E-05,9.11E-06,7.98E-06,EJ
"Ref,date=2022-17-1T08:00:53-08:00",Bangkok,comm others,refined liquids,0.00444488,0.00685318,0.0144127,0.010795,0.00793743,0.00719595,0.00615355,0.00519642,0.00448467,0.00404293,0.00367717,0.00298433,0.00228906,0.00173318,0.00122863,8.97E-04,6.96E-04,5.35E-04,4.04E-04,2.97E-04,2.15E-04,EJ
"Ref,date=2022-17-1T08:00:53-08:00",Bangkok,industrial energy use,biomass,0.0974567,0.116829,0.149644,0.168248,0.164576,0.171005,0.173117,0.17075,0.166241,0.164721,0.165906,0.162452,0.157984,0.153649,0.148062,0.143862,0.14254,0.141803,0.140954,0.139629,0.13814,EJ
"Ref,date=2022-17-1T08:00:53-08:00",Bangkok,industrial energy use,coal,0,0.0486558,0.0836812,0.080354,0.0908662,0.0948113,0.0949131,0.0945853,0.0965073,0.100248,0.105765,0.107715,0.10774,0.107549,0.105707,0.104916,0.107155,0.10931,0.111331,0.112342,0.113327,EJ
"Ref,date=2022-17-1T08:00:53-08:00",Bangkok,industrial energy use,electricity,0.015882,0.0522956,0.0595692,0.0942586,0.111534,0.123048,0.140906,0.157703,0.171601,0.175302,0.176304,0.184608,0.1973,0.209478,0.229803,0.241842,0.243084,0.245317,0.250945,0.259964,0.272408,EJ
"Ref,date=2022-17-1T08:00:53-08:00",Bangkok,industrial energy use,gas,0.014065,0.0814572,0.0915968,0.14819,0.170984,0.175223,0.182752,0.184238,0.185201,0.191005,0.193613,0.194262,0.197103,0.198686,0.197745,0.200286,0.206282,0.208689,0.20588,0.201439,0.196836,EJ
"Ref,date=2022-17-1T08:00:53-08:00",Bangkok,industrial energy use,hydrogen,0,0,0,0,3.08E-04,6.80E-04,0.001100369,0.001554883,0.002083277,0.002749315,0.003550054,0.003806928,0.004066522,0.004348417,0.004489924,0.004704711,0.005053179,0.005386752,0.00571132,0.00599294,0.00596585,EJ
"Ref,date=2022-17-1T08:00:53-08:00",Bangkok,industrial energy use,refined liquids,0.0597972,0.0930418,0.078905,0.122247,0.121353,0.13266,0.140902,0.149464,0.16036,0.172364,0.185767,0.191111,0.192053,0.193458,0.190791,0.190185,0.194753,0.199929,0.204816,0.207943,0.210259,EJ
"Ref,date=2022-17-1T08:00:53-08:00",Bangkok,industrial feedstocks,gas,0,0,0.0130209,0.0220947,0.0253251,0.0256586,0.0267557,0.0269033,0.0266578,0.0266819,0.0262493,0.0260308,0.0263364,0.0264736,0.026721,0.0270891,0.0273586,0.0272102,0.0265799,0.0259298,0.0252626,EJ
"Ref,date=2022-17-1T08:00:53-08:00",Bangkok,industrial feedstocks,refined liquids,0.00515717,0.144764,0.203638,0.285088,0.302731,0.318479,0.332906,0.342503,0.351703,0.360105,0.368378,0.371348,0.373379,0.374884,0.375874,0.376155,0.377467,0.378477,0.379036,0.379024,0.378202,EJ
"Ref,date=2022-17-1T08:00:53-08:00",Bangkok,resid cooling,electricity,0.00616762,0.0192386,0.0248655,0.0355045,0.0410185,0.0433708,0.0455084,0.0470586,0.0485054,0.0494859,0.0499685,0.0494465,0.0481494,0.0460261,0.0433978,0.0402635,0.0369778,0.0337268,0.0305691,0.0275737,0.0251813,EJ
"Ref,date=2022-17-1T08:00:53-08:00",Bangkok,resid heating,refined liquids,5.33E-05,1.30E-04,1.64E-04,1.86E-04,2.23E-04,2.43E-04,2.63E-04,2.81E-04,2.99E-04,3.14E-04,3.26E-04,3.32E-04,3.32E-04,3.26E-04,3.16E-04,3.01E-04,2.83E-04,2.65E-04,2.47E-04,2.28E-04,2.14E-04,EJ
"Ref,date=2022-17-1T08:00:53-08:00",Bangkok,resid heating,traditional biomass,2.20E-05,2.18E-05,2.49E-05,2.83E-05,2.10E-05,1.58E-05,1.19E-05,8.59E-06,6.24E-06,4.52E-06,3.28E-06,2.32E-06,1.62E-06,1.10E-06,7.24E-07,4.60E-07,2.87E-07,1.77E-07,1.08E-07,6.54E-08,3.98E-08,EJ
"Ref,date=2022-17-1T08:00:53-08:00",Bangkok,resid others,biomass,0.0421108,0.0349107,0.0430358,0.043911,0.0542423,0.0558459,0.0548298,0.0508667,0.0450053,0.040685,0.0369697,0.0309206,0.0247143,0.0192175,0.0141221,0.0105314,0.00819468,0.00631164,0.00476147,0.00351835,0.0025656,EJ
"Ref,date=2022-17-1T08:00:53-08:00",Bangkok,resid others,electricity,0.00205589,0.00641282,0.00828851,0.0118349,0.0200976,0.0263112,0.03444,0.0435467,0.0530708,0.0614687,0.069073,0.0769263,0.0835184,0.08774,0.0901279,0.0897244,0.0876389,0.084629,0.0810199,0.0771364,0.0735882,EJ
"Ref,date=2022-17-1T08:00:53-08:00",Bangkok,resid others,refined liquids,0.00645028,0.0157742,0.0198749,0.0224975,0.0225298,0.0239957,0.0241776,0.0236497,0.0230029,0.0225044,0.0217958,0.018985,0.0154807,0.0122845,0.00905821,0.00678994,0.00535444,0.00416686,0.00317103,0.00234783,0.00171367,EJ
"Ref,date=2022-17-1T08:00:53-08:00",Bangkok,resid others,traditional biomass,0.0335897,0.0332781,0.0381061,0.0433112,0.0368013,0.0321974,0.0268353,0.0213409,0.0170258,0.0138237,0.0112215,0.00828306,0.00574594,0.0038306,0.00236065,0.00145264,9.32E-04,5.87E-04,3.61E-04,2.16E-04,1.27E-04,EJ
"Ref,date=2022-17-1T08:00:53-08:00",Bangkok,trn_aviation_intl,refined liquids,0.00657827,0.011972,0.0131337,0.0164542,0.0195545,0.021763,0.0238668,0.0255935,0.0272634,0.0286688,0.0297984,0.0311334,0.0321738,0.0329183,0.0333583,0.0335121,0.0335626,0.0333854,0.0330037,0.0324453,0.0317365,EJ
"Ref,date=2022-17-1T08:00:53-08:00",Bangkok,trn_freight,electricity,0,9.40E-06,1.12E-05,2.86E-05,3.58E-05,4.11E-05,4.79E-05,5.52E-05,6.30E-05,7.22E-05,8.22E-05,9.45E-05,1.09E-04,1.26E-04,1.47E-04,1.69E-04,1.94E-04,2.22E-04,2.54E-04,2.92E-04,3.36E-04,EJ
"Ref,date=2022-17-1T08:00:53-08:00",Bangkok,trn_freight,refined liquids,0.001466889,5.97E-04,6.32E-04,9.28E-04,0.001081176,0.001251532,0.001456743,0.001692324,0.001952759,0.002272025,0.00262593,0.00301078,0.0034428,0.00394249,0.00451272,0.0051752,0.00594248,0.00682645,0.00783207,0.00898331,0.01029006,EJ
"Ref,date=2022-17-1T08:00:53-08:00",Bangkok,trn_freight_road,electricity,0,0,0,0,5.01E-07,2.38E-06,9.65E-06,2.19E-05,3.54E-05,5.28E-05,7.60E-05,9.74E-05,1.18E-04,1.38E-04,1.60E-04,1.85E-04,2.11E-04,2.39E-04,2.69E-04,3.04E-04,3.48E-04,EJ
"Ref,date=2022-17-1T08:00:53-08:00",Bangkok,trn_freight_road,gas,0,0,0,0,4.22E-04,0.00103571,0.001889371,0.00312597,0.004088956,0.005289498,0.00682835,0.008756798,0.011154117,0.014048516,0.017574278,0.021855086,0.026914897,0.032772258,0.039357274,0.046823939,0.055346055,EJ
"Ref,date=2022-17-1T08:00:53-08:00",Bangkok,trn_freight_road,refined liquids,0.012402554,0.02580646,0.02570384,0.02846421,0.03432481,0.037584138,0.039787877,0.040776527,0.043157426,0.04619264,0.050064128,0.055181013,0.061495981,0.068789184,0.077033135,0.086248536,0.096640528,0.108422091,0.121910346,0.137310323,0.154942559,EJ
"Ref,date=2022-17-1T08:00:53-08:00",Bangkok,trn_pass,electricity,0,8.50E-06,1.02E-05,2.59E-05,5.25E-05,9.32E-05,1.51E-04,2.27E-04,3.40E-04,4.79E-04,6.46E-04,7.98E-04,9.53E-04,0.001104264,0.001247925,0.001370131,0.001473649,0.001554333,0.001611439,0.001645323,0.001658866,EJ
"Ref,date=2022-17-1T08:00:53-08:00",Bangkok,trn_pass,refined liquids,6.07E-04,0.0011555,0.001226096,0.001476299,0.001825763,0.002109472,0.002401597,0.002672868,0.002901727,0.003088161,0.003230722,0.003351839,0.003417641,0.003434453,0.003408224,0.003336888,0.003245226,0.003122408,0.00297507,0.002810195,0.002634184,EJ
"Ref,date=2022-17-1T08:00:53-08:00",Bangkok,trn_pass_road,electricity,0,0,0,0,1.11E-04,2.72E-04,5.30E-04,6.35E-04,6.55E-04,6.21E-04,5.93E-04,5.59E-04,5.23E-04,4.84E-04,4.42E-04,4.00E-04,3.62E-04,3.29E-04,2.98E-04,2.69E-04,2.43E-04,EJ
"Ref,date=2022-17-1T08:00:53-08:00",Bangkok,trn_pass_road,gas,0,8.34E-05,0.00271187,0.00445799,0.0053628,0.00548714,0.00428348,0.003749689,0.003486086,0.003304076,0.003196891,0.003096815,0.002998191,0.002888128,0.002736711,0.002570029,0.002414158,0.002268811,0.00212527,0.001981475,0.001841889,EJ
"Ref,date=2022-17-1T08:00:53-08:00",Bangkok,trn_pass_road,refined liquids,0.00393508,0.00818789,0.0081557,0.00903117,0.01045145,0.01043118,0.00764939,0.00641646,0.00574166,0.00521715,0.00484153,0.00450071,0.00417676,0.003858019,0.003511527,0.003170364,0.002865991,0.002598747,0.002355367,0.002128713,0.001920902,EJ
"Ref,date=2022-17-1T08:00:53-08:00",Bangkok,trn_pass_road_LDV,electricity,0,0,0,0,1.17E-04,1.70E-04,2.87E-04,3.35E-04,3.74E-04,4.06E-04,4.24E-04,4.01E-04,3.86E-04,3.72E-04,3.60E-04,3.52E-04,3.43E-04,3.30E-04,3.18E-04,3.04E-04,2.79E-04,EJ
"Ref,date=2022-17-1T08:00:53-08:00",Bangkok,trn_pass_road_LDV,gas,0,8.10E-06,2.62E-04,4.32E-04,4.84E-04,4.85E-04,6.72E-04,6.99E-04,7.02E-04,7.43E-04,7.67E-04,7.13E-04,6.75E-04,6.31E-04,5.95E-04,5.65E-04,5.42E-04,5.03E-04,4.54E-04,4.10E-04,3.80E-04,EJ
"Ref,date=2022-17-1T08:00:53-08:00",Bangkok,trn_pass_road_LDV,refined liquids,0.00779721,0.016224,0.0161603,0.0178949,0.0102074,0.00734826,0.00760294,0.00631877,0.00512223,0.00437414,0.00368228,0.00314143,0.00268432,0.002302,0.00198783,0.00173272,0.0015427,0.00135956,0.0011926,0.00104985,9.49E-04,EJ
"Ref,date=2022-17-1T08:00:53-08:00",Bangkok,trn_pass_road_LDV_4W,electricity,0,0,0,0,0,1.22E-05,1.09E-04,1.45E-04,1.65E-04,1.61E-04,1.53E-04,1.39E-04,1.29E-04,1.21E-04,1.14E-04,1.09E-04,1.04E-04,9.80E-05,9.15E-05,8.52E-05,7.91E-05,EJ
"Ref,date=2022-17-1T08:00:53-08:00",Bangkok,trn_pass_road_LDV_4W,gas,0,7.53E-05,0.002449019,0.004025904,0.002980341,0.002411304,0.001843944,0.001305954,8.71E-04,8.21E-04,7.56E-04,6.89E-04,6.45E-04,6.11E-04,5.85E-04,5.68E-04,5.57E-04,5.37E-04,5.14E-04,4.90E-04,4.65E-04,EJ
"Ref,date=2022-17-1T08:00:53-08:00",Bangkok,trn_pass_road_LDV_4W,hydrogen,0,0,0,0,0,1.11E-08,2.02E-07,4.26E-07,8.04E-07,1.34E-06,2.27E-06,2.99E-06,3.32E-06,3.43E-06,3.42E-06,3.36E-06,3.32E-06,3.22E-06,3.10E-06,2.98E-06,2.85E-06,EJ
"Ref,date=2022-17-1T08:00:53-08:00",Bangkok,trn_pass_road_LDV_4W,refined liquids,0.00760189,0.01581771,0.01575538,0.01744662,0.01291561,0.01091348,0.011082614,0.009887946,0.008720951,0.008629965,0.008429605,0.007972374,0.007508663,0.007027162,0.006582225,0.006196927,0.005886282,0.005510278,0.005126541,0.004760771,0.004398668,EJ
"Ref,date=2022-17-1T08:00:53-08:00",Bangkok,trn_shipping_intl,refined liquids,0.00597383,0.0181974,0.0170101,0.00422565,0.00463125,0.00500407,0.0054078,0.00584935,0.00631001,0.00678407,0.00727812,0.00778659,0.00832117,0.00889737,0.00950947,0.0101736,0.0108937,0.0116667,0.012488,0.0133638,0.0143443,EJ
"Ref,date=2022-17-1T08:00:53-08:00",Nonthaburi,comm cooling,electricity,2.87E-04,8.90E-04,0.00119458,0.00142063,0.00191056,0.00224469,0.00260303,0.00294301,0.00323911,0.00346203,0.0036103,0.00367162,0.00363982,0.00353372,0.00337604,0.00317016,0.00293961,0.00270165,0.00246487,0.00223487,0.00204591,EJ
"Ref,date=2022-17-1T08:00:53-08:00",Nonthaburi,comm heating,gas,0,0,2.23E-06,1.88E-06,2.69E-06,3.22E-06,3.89E-06,4.58E-06,5.27E-06,5.97E-06,6.56E-06,7.09E-06,7.49E-06,7.64E-06,7.60E-06,7.38E-06,7.02E-06,6.58E-06,6.10E-06,5.61E-06,5.21E-06,EJ
"Ref,date=2022-17-1T08:00:53-08:00",Nonthaburi,comm heating,refined liquids,8.08E-07,1.40E-06,5.50E-07,3.80E-07,4.62E-07,5.90E-07,7.22E-07,8.94E-07,1.10E-06,1.30E-06,1.51E-06,1.67E-06,1.74E-06,1.77E-06,1.73E-06,1.64E-06,1.55E-06,1.46E-06,1.40E-06,1.34E-06,1.28E-06,EJ
"Ref,date=2022-17-1T08:00:53-08:00",Nonthaburi,comm others,electricity,4.23E-04,0.00131103,0.00176007,0.00209321,0.00323756,0.00422954,0.00551058,0.00700558,0.00857742,0.0100919,0.0115218,0.0128748,0.0139045,0.0144908,0.0146879,0.014489,0.0140737,0.0135153,0.0128743,0.012179,0.0115628,EJ
"Ref,date=2022-17-1T08:00:53-08:00",Nonthaburi,comm others,gas,0,0,7.00E-07,8.00E-07,1.18E-06,1.42E-06,1.67E-06,1.90E-06,2.12E-06,2.45E-06,2.77E-06,2.92E-06,2.96E-06,2.89E-06,2.63E-06,2.47E-06,2.41E-06,2.28E-06,2.07E-06,1.83E-06,1.60E-06,EJ
"Ref,date=2022-17-1T08:00:53-08:00",Nonthaburi,comm others,refined liquids,2.54E-04,3.92E-04,8.24E-04,6.58E-04,6.60E-04,7.01E-04,7.04E-04,6.93E-04,6.77E-04,6.73E-04,6.63E-04,5.79E-04,4.70E-04,3.70E-04,2.70E-04,2.00E-04,1.57E-04,1.22E-04,9.21E-05,6.78E-05,4.93E-05,EJ
"Ref,date=2022-17-1T08:00:53-08:00",Nonthaburi,industrial energy use,biomass,0.00557069,0.00667816,0.00855639,0.0102589,0.010701,0.0111192,0.0112571,0.0111052,0.0108053,0.0107101,0.0107884,0.0105671,0.0102708,0.00999207,0.00963203,0.00936201,0.00927247,0.00922066,0.00917143,0.00908117,0.00899069,EJ
"Ref,date=2022-17-1T08:00:53-08:00",Nonthaburi,industrial energy use,coal,0,0.00278128,0.0047848,0.00489958,0.00585687,0.00611127,0.00611818,0.00609811,0.00621822,0.00646135,0.00681779,0.00694562,0.00694339,0.00693325,0.00681687,0.0067682,0.00691,0.00704602,0.00718089,0.00724294,0.00731157,EJ
"Ref,date=2022-17-1T08:00:53-08:00",Nonthaburi,industrial energy use,electricity,9.08E-04,0.00298928,0.0034061,0.00574738,0.00718901,0.00793129,0.00908288,0.0101674,0.0110566,0.0112988,0.0113648,0.0119038,0.0127151,0.0135041,0.0148195,0.0156012,0.0156753,0.0158128,0.016186,0.0167603,0.017575,EJ
"Ref,date=2022-17-1T08:00:53-08:00",Nonthaburi,industrial energy use,gas,8.04E-04,0.00465627,0.00523739,0.00903587,0.0110209,0.0112944,0.0117803,0.0118782,0.0119329,0.0123109,0.0124806,0.0125263,0.0127024,0.0128085,0.0127521,0.0129205,0.0133022,0.0134518,0.0132794,0.0129872,0.0126993,EJ
"Ref,date=2022-17-1T08:00:53-08:00",Nonthaburi,industrial energy use,hydrogen,0,0,0,0,1.98E-05,4.38E-05,7.09E-05,1.00E-04,1.34E-04,1.77E-04,2.29E-04,2.45E-04,2.62E-04,2.80E-04,2.90E-04,3.04E-04,3.26E-04,3.47E-04,3.68E-04,3.86E-04,3.85E-04,EJ
"Ref,date=2022-17-1T08:00:53-08:00",Nonthaburi,industrial energy use,refined liquids,0.003418,0.00531847,0.0045117,0.00745397,0.00782193,0.00855087,0.00908265,0.00963624,0.0103324,0.0111095,0.0119749,0.0123231,0.012377,0.0124715,0.0123037,0.0122689,0.0125588,0.0128872,0.0132107,0.0134065,0.0135653,EJ
"Ref,date=2022-17-1T08:00:53-08:00",Nonthaburi,industrial feedstocks,gas,0,0,7.45E-04,0.0013472,0.00163545,0.00165696,0.00172776,0.00173744,0.00172035,0.00172236,0.00169457,0.00168089,0.00169957,0.00170885,0.0017253,0.00174958,0.00176626,0.0017559,0.0017163,0.00167354,0.00163159,EJ
"Ref,date=2022-17-1T08:00:53-08:00",Nonthaburi,industrial feedstocks,refined liquids,2.95E-04,0.00827498,0.0116438,0.0173832,0.0195502,0.0205668,0.0214979,0.0221195,0.0226973,0.0232457,0.0237817,0.0239794,0.0240957,0.0241989,0.0242694,0.0242948,0.0243695,0.0244238,0.0244753,0.024463,0.0244267,EJ
"Ref,date=2022-17-1T08:00:53-08:00",Nonthaburi,resid cooling,electricity,3.53E-04,0.00109973,0.00142178,0.0021649,0.00279906,0.00315441,0.00347773,0.00373295,0.0039381,0.00408185,0.00417022,0.00417465,0.00410858,0.00397334,0.00378927,0.00355126,0.00328475,0.00301032,0.00273845,0.00247243,0.00226062,EJ
"Ref,date=2022-17-1T08:00:53-08:00",Nonthaburi,resid heating,refined liquids,3.06E-06,7.41E-06,9.36E-06,1.13E-05,1.36E-05,1.48E-05,1.60E-05,1.71E-05,1.82E-05,1.92E-05,2.00E-05,2.06E-05,2.08E-05,2.06E-05,2.02E-05,1.94E-05,1.84E-05,1.73E-05,1.62E-05,1.50E-05,1.40E-05,EJ
"Ref,date=2022-17-1T08:00:53-08:00",Nonthaburi,resid heating,traditional biomass,1.33E-06,1.19E-06,1.39E-06,1.71E-06,1.53E-06,1.15E-06,8.64E-07,6.23E-07,4.52E-07,3.30E-07,2.41E-07,1.72E-07,1.21E-07,8.28E-08,5.53E-08,3.55E-08,2.23E-08,1.38E-08,8.45E-09,5.11E-09,3.12E-09,EJ
"Ref,date=2022-17-1T08:00:53-08:00",Nonthaburi,resid others,biomass,0.00240705,0.00199553,0.00246077,0.00267754,0.00382585,0.00430384,0.00458927,0.0045844,0.00428004,0.00401788,0.00374919,0.00320943,0.00261124,0.0020628,0.00153812,0.00116103,9.11E-04,7.06E-04,5.35E-04,3.96E-04,2.89E-04,EJ
"Ref,date=2022-17-1T08:00:53-08:00",Nonthaburi,resid others,electricity,1.17E-04,3.67E-04,4.74E-04,7.22E-04,0.0012902,0.00184557,0.0026237,0.00357213,0.00459371,0.0055251,0.00637565,0.0072674,0.00803164,0.00857201,0.00893452,0.00900314,0.00886782,0.00861296,0.00828276,0.00789868,0.0075487,EJ
"Ref,date=2022-17-1T08:00:53-08:00",Nonthaburi,resid others,refined liquids,3.69E-04,9.02E-04,0.00113643,0.00137182,0.00158909,0.00184927,0.00202368,0.00213145,0.0021876,0.00222244,0.00221037,0.00197057,0.00163565,0.00131862,9.87E-04,7.49E-04,5.95E-04,4.66E-04,3.56E-04,2.64E-04,1.93E-04,EJ
"Ref,date=2022-17-1T08:00:53-08:00",Nonthaburi,resid others,traditional biomass,0.00191996,0.00190213,0.00217897,0.00264094,0.00285168,0.00272605,0.00246764,0.00211305,0.00177885,0.0014998,0.00125024,9.45E-04,6.67E-04,4.52E-04,2.82E-04,1.76E-04,1.14E-04,7.22E-05,4.46E-05,2.67E-05,1.57E-05,EJ
"Ref,date=2022-17-1T08:00:53-08:00",Nonthaburi,trn_aviation_intl,refined liquids,0.00130161,0.00236911,0.00259976,0.00344907,0.00436292,0.00509093,0.0058841,0.00672201,0.00759454,0.00850149,0.00942359,0.0105301,0.0116302,0.0127196,0.0137479,0.0146872,0.0155457,0.0162666,0.0168471,0.0172432,0.0174916,EJ
"Ref,date=2022-17-1T08:00:53-08:00",Nonthaburi,trn_freight,electricity,0,1.90E-06,2.20E-06,6.00E-06,7.46E-06,8.58E-06,9.98E-06,1.15E-05,1.31E-05,1.51E-05,1.71E-05,1.97E-05,2.28E-05,2.63E-05,3.06E-05,3.53E-05,4.04E-05,4.62E-05,5.29E-05,6.08E-05,7.02E-05,EJ
"Ref,date=2022-17-1T08:00:53-08:00",Nonthaburi,trn_freight,refined liquids,2.90E-04,1.18E-04,1.25E-04,1.94E-04,2.25E-04,2.61E-04,3.04E-04,3.53E-04,4.07E-04,4.73E-04,5.47E-04,6.27E-04,7.17E-04,8.21E-04,9.40E-04,0.001078394,0.001237896,0.001421567,0.001631749,0.001870945,0.0021442,EJ
"Ref,date=2022-17-1T08:00:53-08:00",Nonthaburi,trn_freight_road,electricity,0,0,0,0,1.04E-07,4.95E-07,2.01E-06,4.57E-06,7.38E-06,1.10E-05,1.58E-05,2.03E-05,2.45E-05,2.87E-05,3.34E-05,3.86E-05,4.40E-05,4.97E-05,5.60E-05,6.34E-05,7.24E-05,EJ
"Ref,date=2022-17-1T08:00:53-08:00",Nonthaburi,trn_freight_road,gas,0,0,0,0,8.73E-05,2.15E-04,3.94E-04,6.52E-04,8.52E-04,0.001101991,0.001422728,0.001824908,0.002323179,0.002926758,0.003662134,0.004555209,0.005607777,0.006825895,0.008201659,0.009754042,0.011535352,EJ
"Ref,date=2022-17-1T08:00:53-08:00",Nonthaburi,trn_freight_road,refined liquids,0.002453474,0.00510378,0.005087488,0.005966344,0.007155399,0.007833781,0.008291862,0.008496596,0.008990188,0.009623848,0.010430819,0.011498928,0.012809244,0.014331021,0.016051725,0.017975956,0.020135883,0.022583258,0.025404393,0.028603597,0.032293064,EJ
"Ref,date=2022-17-1T08:00:53-08:00",Nonthaburi,trn_pass,electricity,0,1.70E-06,2.00E-06,5.40E-06,7.20E-06,9.19E-06,1.22E-05,1.65E-05,2.38E-05,3.48E-05,5.06E-05,6.82E-05,9.04E-05,1.17E-04,1.49E-04,1.84E-04,2.21E-04,2.58E-04,2.94E-04,3.27E-04,3.56E-04,EJ
"Ref,date=2022-17-1T08:00:53-08:00",Nonthaburi,trn_pass,refined liquids,1.20E-04,2.29E-04,2.43E-04,3.09E-04,4.14E-04,5.13E-04,6.33E-04,7.79E-04,9.32E-04,0.001101535,0.001286081,0.001495282,0.001709757,0.001927888,0.002138617,0.002328915,0.002493621,0.002620001,0.002704455,0.002739572,0.002732815,EJ
"Ref,date=2022-17-1T08:00:53-08:00",Nonthaburi,trn_pass_road,electricity,0,0,0,0,2.85E-05,7.08E-05,1.35E-04,1.64E-04,1.72E-04,1.66E-04,1.60E-04,1.52E-04,1.43E-04,1.32E-04,1.21E-04,1.09E-04,9.87E-05,8.92E-05,8.06E-05,7.27E-05,6.55E-05,EJ
"Ref,date=2022-17-1T08:00:53-08:00",Nonthaburi,trn_pass_road,gas,0,1.65E-05,5.37E-04,9.34E-04,0.001253445,0.001325396,0.001094985,9.70E-04,9.15E-04,8.83E-04,8.63E-04,8.41E-04,8.18E-04,7.90E-04,7.49E-04,7.03E-04,6.58E-04,6.16E-04,5.75E-04,5.35E-04,4.96E-04,EJ
"Ref,date=2022-17-1T08:00:53-08:00",Nonthaburi,trn_pass_road,refined liquids,7.78E-04,0.00161974,0.0016139,0.00189318,0.00243324,0.002507318,0.001956142,0.001659211,0.001505235,0.001393421,0.001306525,0.001222223,0.001139163,0.001054887,9.61E-04,8.67E-04,7.81E-04,7.05E-04,6.37E-04,5.74E-04,5.17E-04,EJ
"Ref,date=2022-17-1T08:00:53-08:00",Nonthaburi,trn_pass_road_LDV,electricity,0,0,0,0,2.90E-05,4.19E-05,6.69E-05,7.95E-05,8.95E-05,9.66E-05,1.01E-04,9.59E-05,9.26E-05,8.95E-05,8.69E-05,8.47E-05,8.20E-05,7.88E-05,7.61E-05,7.26E-05,6.66E-05,EJ
"Ref,date=2022-17-1T08:00:53-08:00",Nonthaburi,trn_pass_road_LDV,gas,0,1.60E-06,5.20E-05,9.05E-05,1.20E-04,1.19E-04,1.57E-04,1.66E-04,1.68E-04,1.77E-04,1.83E-04,1.71E-04,1.62E-04,1.52E-04,1.43E-04,1.36E-04,1.30E-04,1.20E-04,1.09E-04,9.77E-05,9.06E-05,EJ
"Ref,date=2022-17-1T08:00:53-08:00",Nonthaburi,trn_pass_road_LDV,refined liquids,0.00154243,0.00320938,0.00319782,0.00375126,0.00253446,0.00180725,0.0017716,0.00150187,0.00122708,0.00104015,8.76E-04,7.52E-04,6.44E-04,5.54E-04,4.79E-04,4.17E-04,3.69E-04,3.25E-04,2.85E-04,2.50E-04,2.26E-04,EJ
"Ref,date=2022-17-1T08:00:53-08:00",Nonthaburi,trn_pass_road_LDV_4W,electricity,0,0,0,0,1.08E-06,7.04E-06,3.24E-05,4.67E-05,5.59E-05,6.00E-05,6.18E-05,6.24E-05,6.31E-05,6.38E-05,6.45E-05,6.50E-05,6.50E-05,6.37E-05,6.16E-05,5.90E-05,5.61E-05,EJ
"Ref,date=2022-17-1T08:00:53-08:00",Nonthaburi,trn_pass_road_LDV_4W,gas,0,1.50E-05,4.85E-04,8.44E-04,7.31E-04,6.09E-04,4.98E-04,3.98E-04,3.11E-04,3.06E-04,3.04E-04,3.08E-04,3.15E-04,3.22E-04,3.30E-04,3.38E-04,3.46E-04,3.47E-04,3.44E-04,3.37E-04,3.27E-04,EJ
"Ref,date=2022-17-1T08:00:53-08:00",Nonthaburi,trn_pass_road_LDV_4W,hydrogen,0,0,0,0,0,5.58E-09,5.61E-08,1.39E-07,2.86E-07,5.41E-07,9.84E-07,1.37E-06,1.63E-06,1.80E-06,1.91E-06,1.98E-06,2.05E-06,2.07E-06,2.07E-06,2.04E-06,1.99E-06,EJ
"Ref,date=2022-17-1T08:00:53-08:00",Nonthaburi,trn_pass_road_LDV_4W,refined liquids,0.001503834,0.003128873,0.003117729,0.003657311,0.003212439,0.002910055,0.00310951,0.003112693,0.003058851,0.0032558,0.003448584,0.003594799,0.003686229,0.003727247,0.003733178,0.003712948,0.003682645,0.003588591,0.003459721,0.003300516,0.003125269,EJ
"Ref,date=2022-17-1T08:00:53-08:00",Nonthaburi,trn_shipping_intl,refined liquids,0.00118177,0.0036,0.00336601,8.86E-04,9.68E-04,0.00104574,0.0011301,0.00122241,0.00131831,0.0014175,0.00152078,0.00162719,0.00173847,0.00185904,0.00198716,0.0021262,0.00227631,0.00243741,0.00260964,0.00279215,0.00299783,EJ
"Ref,date=2022-17-1T08:00:53-08:00",Rest of Thailand,comm cooling,electricity,0.0111193,0.0344253,0.0462063,0.0433693,0.0578699,0.0702246,0.0846975,0.100368,0.116058,0.130001,0.141767,0.15105,0.155831,0.155459,0.150962,0.142846,0.132996,0.122513,0.111817,0.101481,0.0928554,EJ
"Ref,date=2022-17-1T08:00:53-08:00",Rest of Thailand,comm heating,gas,0,0,1.00E-07,9.99E-08,1.55E-07,1.82E-07,2.24E-07,2.64E-07,3.02E-07,3.47E-07,3.81E-07,4.24E-07,4.74E-07,5.09E-07,5.34E-07,5.45E-07,5.36E-07,5.06E-07,4.60E-07,4.14E-07,3.77E-07,EJ
"Ref,date=2022-17-1T08:00:53-08:00",Rest of Thailand,comm heating,refined liquids,3.33E-05,5.12E-05,1.08E-04,6.78E-05,8.87E-05,1.12E-04,1.39E-04,1.73E-04,2.11E-04,2.52E-04,2.94E-04,3.35E-04,3.69E-04,3.94E-04,4.07E-04,4.07E-04,3.95E-04,3.77E-04,3.54E-04,3.30E-04,3.10E-04,EJ
"Ref,date=2022-17-1T08:00:53-08:00",Rest of Thailand,comm others,electricity,0.0163835,0.0507231,0.0680814,0.0639014,0.0969623,0.129188,0.172702,0.226881,0.288258,0.351936,0.417593,0.489585,0.556457,0.606798,0.63843,0.644407,0.633561,0.612029,0.583895,0.553023,0.524801,EJ
"Ref,date=2022-17-1T08:00:53-08:00",Rest of Thailand,comm others,gas,0,0,2.65E-05,2.53E-05,3.67E-05,4.50E-05,5.43E-05,6.38E-05,7.37E-05,8.86E-05,1.04E-04,1.15E-04,1.23E-04,1.25E-04,1.19E-04,1.14E-04,1.12E-04,1.07E-04,9.72E-05,8.61E-05,7.54E-05,EJ
"Ref,date=2022-17-1T08:00:53-08:00",Rest of Thailand,comm others,refined liquids,0.00983023,0.0151567,0.0318766,0.0200943,0.0194887,0.0211321,0.0217597,0.0221285,0.0224495,0.0231562,0.0236833,0.0217237,0.0185531,0.0152893,0.0115552,0.0087865,0.00697594,0.0054319,0.00412048,0.00303611,0.0022052,EJ
"Ref,date=2022-17-1T08:00:53-08:00",Rest of Thailand,industrial energy use,biomass,0.215531,0.258381,0.330968,0.313184,0.313527,0.325811,0.329906,0.325477,0.316969,0.314183,0.316467,0.309931,0.301458,0.293234,0.282619,0.274632,0.272146,0.270763,0.269168,0.266663,0.263846,EJ
"Ref,date=2022-17-1T08:00:53-08:00",Rest of Thailand,industrial energy use,coal,0,0.107608,0.185077,0.149575,0.16841,0.17574,0.175968,0.175403,0.179017,0.186021,0.196275,0.199927,0.200006,0.199685,0.196299,0.194852,0.199037,0.203058,0.20683,0.20873,0.21058,EJ
"Ref,date=2022-17-1T08:00:53-08:00",Rest of Thailand,industrial energy use,electricity,0.0351242,0.115658,0.131749,0.175457,0.206715,0.22808,0.261239,0.292451,0.318313,0.325292,0.327179,0.342647,0.366264,0.388936,0.426745,0.449152,0.451518,0.455709,0.466207,0.483007,0.506179,EJ
"Ref,date=2022-17-1T08:00:53-08:00",Rest of Thailand,industrial energy use,gas,0.0311057,0.180152,0.202584,0.275849,0.316898,0.324791,0.338821,0.341659,0.34354,0.354431,0.359299,0.360566,0.365899,0.368898,0.367212,0.371973,0.38316,0.387668,0.382484,0.37427,0.365753,EJ
"Ref,date=2022-17-1T08:00:53-08:00",Rest of Thailand,industrial energy use,hydrogen,0,0,0,0,5.71E-04,0.001260942,0.002040074,0.002883448,0.003864393,0.005101675,0.00658807,0.00706594,0.00754901,0.00807367,0.00833779,0.00873765,0.00938607,0.01000659,0.0106105,0.01113476,0.01108553,EJ
"Ref,date=2022-17-1T08:00:53-08:00",Rest of Thailand,industrial energy use,refined liquids,0.132245,0.205773,0.174514,0.227556,0.224914,0.245896,0.261232,0.277173,0.297461,0.319842,0.34474,0.354717,0.356524,0.359192,0.354299,0.353214,0.361746,0.371395,0.380507,0.386354,0.390695,EJ
"Ref,date=2022-17-1T08:00:53-08:00",Rest of Thailand,industrial feedstocks,gas,0,0,0.0287983,0.0411281,0.0472227,0.0478438,0.0498879,0.0501609,0.0497005,0.0497523,0.0489436,0.0485353,0.0491031,0.0493577,0.0498167,0.0505005,0.0510048,0.0507291,0.049555,0.048344,0.0471011,EJ
"Ref,date=2022-17-1T08:00:53-08:00",Rest of Thailand,industrial feedstocks,refined liquids,0.0114054,0.320163,0.450385,0.530677,0.564492,0.593845,0.620729,0.638594,0.655712,0.67147,0.686869,0.692392,0.696151,0.698941,0.700753,0.701245,0.703716,0.70561,0.706667,0.706659,0.705144,EJ
"Ref,date=2022-17-1T08:00:53-08:00",Rest of Thailand,resid cooling,electricity,0.0136401,0.0425484,0.0549948,0.0660898,0.0873476,0.104051,0.121711,0.139059,0.155148,0.168187,0.17784,0.182805,0.182955,0.178422,0.170908,0.160593,0.148919,0.136744,0.124432,0.112449,0.102765,EJ
"Ref,date=2022-17-1T08:00:53-08:00",Rest of Thailand,resid heating,refined liquids,1.18E-04,2.89E-04,3.63E-04,3.46E-04,4.34E-04,5.12E-04,5.89E-04,6.59E-04,7.23E-04,7.76E-04,8.17E-04,8.42E-04,8.53E-04,8.49E-04,8.33E-04,8.02E-04,7.63E-04,7.19E-04,6.71E-04,6.21E-04,5.82E-04,EJ
"Ref,date=2022-17-1T08:00:53-08:00",Rest of Thailand,resid heating,traditional biomass,4.86E-05,4.81E-05,5.51E-05,5.27E-05,4.82E-05,3.90E-05,3.13E-05,2.37E-05,1.77E-05,1.31E-05,9.65E-06,6.92E-06,4.90E-06,3.35E-06,2.24E-06,1.44E-06,9.09E-07,5.63E-07,3.45E-07,2.09E-07,1.27E-07,EJ
"Ref,date=2022-17-1T08:00:53-08:00",Rest of Thailand,resid others,biomass,0.093131,0.0772091,0.0951819,0.0817381,0.116297,0.135799,0.151377,0.159478,0.157094,0.154849,0.15087,0.134554,0.112921,0.0907892,0.0682879,0.0517353,0.0407002,0.0315869,0.0239401,0.0177332,0.0129463,EJ
"Ref,date=2022-17-1T08:00:53-08:00",Rest of Thailand,resid others,electricity,0.0045467,0.0141828,0.0183316,0.02203,0.0397691,0.0590492,0.0877554,0.126006,0.17097,0.215921,0.260156,0.308954,0.35219,0.382564,0.402227,0.406801,0.401727,0.390888,0.375962,0.35882,0.342716,EJ
"Ref,date=2022-17-1T08:00:53-08:00",Rest of Thailand,resid others,refined liquids,0.0142651,0.0348864,0.0439572,0.0418779,0.0483046,0.0583496,0.0667506,0.0741471,0.0802931,0.0856523,0.0889466,0.0826154,0.0707321,0.0580356,0.0438012,0.0333556,0.0265937,0.0208532,0.0159435,0.0118336,0.00864738,EJ
"Ref,date=2022-17-1T08:00:53-08:00",Rest of Thailand,resid others,traditional biomass,0.0742861,0.0735983,0.0842792,0.0806216,0.0854919,0.0848312,0.0802747,0.0724955,0.0643923,0.0570067,0.0496181,0.0390545,0.0284458,0.0196081,0.0123682,0.00773199,0.00501688,0.00318479,0.00196921,0.00117976,6.95E-04,EJ
"Ref,date=2022-17-1T08:00:53-08:00",Rest of Thailand,trn_aviation_intl,refined liquids,0.0650055,0.118289,0.129773,0.166266,0.202284,0.238007,0.277793,0.32134,0.367974,0.417851,0.470626,0.53541,0.603584,0.67427,0.745257,0.814861,0.88319,0.946103,1.00129,1.04714,1.08249,EJ
"Ref,date=2022-17-1T08:00:53-08:00",Rest of Thailand,trn_freight,electricity,0,9.31E-05,1.11E-04,2.89E-04,3.47E-04,3.99E-04,4.65E-04,5.36E-04,6.12E-04,7.01E-04,7.98E-04,9.17E-04,0.00105898,0.00122278,0.00142338,0.00164427,0.00187966,0.00214963,0.00246241,0.00283013,0.00326372,EJ
"Ref,date=2022-17-1T08:00:53-08:00",Rest of Thailand,trn_freight,refined liquids,0.01449284,0.00589353,0.00624662,0.00937358,0.01049218,0.01214518,0.01413638,0.01642201,0.0189487,0.02204914,0.0254829,0.0292172,0.0334089,0.0382575,0.0437897,0.0502166,0.0576635,0.066242,0.0760015,0.0871744,0.099857,EJ
"Ref,date=2022-17-1T08:00:53-08:00",Rest of Thailand,trn_freight_road,electricity,0,0,0,0,4.59E-06,2.29E-05,9.38E-05,2.14E-04,3.43E-04,5.12E-04,7.38E-04,9.45E-04,0.001143225,0.001338136,0.001555386,0.001799303,0.002049374,0.002314433,0.002608827,0.002954643,0.003372737,EJ
"Ref,date=2022-17-1T08:00:53-08:00",Rest of Thailand,trn_freight_road,gas,0,0,0,0,0.003864794,0.009894814,0.018270814,0.030408978,0.039663966,0.051327938,0.066269505,0.084988802,0.108233614,0.136323648,0.170535293,0.21206846,0.26117127,0.31801482,0.38192109,0.45438408,0.53709244,EJ
"Ref,date=2022-17-1T08:00:53-08:00",Rest of Thailand,trn_freight_road,refined liquids,0.12253957,0.25498,0.2539884,0.2876359,0.33381185,0.36519235,0.38622672,0.3952162,0.41890936,0.4483482,0.48585255,0.53547268,0.5967647,0.66752746,0.74750163,0.83689814,0.93776423,1.05210384,1.18300851,1.33247161,1.50360121,EJ
"Ref,date=2022-17-1T08:00:53-08:00",Rest of Thailand,trn_pass,electricity,0,8.44E-05,1.01E-04,2.62E-04,3.17E-04,3.82E-04,4.74E-04,5.99E-04,8.18E-04,0.001149137,0.001644925,0.002215684,0.002972797,0.003936917,0.005162256,0.006589733,0.008176117,0.009915842,0.011752459,0.013612469,0.015412891,EJ
"Ref,date=2022-17-1T08:00:53-08:00",Rest of Thailand,trn_pass,refined liquids,0.00599389,0.01141697,0.01211497,0.01491949,0.01931438,0.02419873,0.0302288,0.0378266,0.04606115,0.05553142,0.06640324,0.07930599,0.09354819,0.10910426,0.12551751,0.14203251,0.15814435,0.17276809,0.18502213,0.19430044,0.20020819,EJ
"Ref,date=2022-17-1T08:00:53-08:00",Rest of Thailand,trn_pass_road,electricity,0,0,0,0,0.00131828,0.003349692,0.0065051,0.00800913,0.00849555,0.00826861,0.00803353,0.00764583,0.00719307,0.00667503,0.00608806,0.00548358,0.00492119,0.00442268,0.003974558,0.003565856,0.003197509,EJ
"Ref,date=2022-17-1T08:00:53-08:00",Rest of Thailand,trn_pass_road,gas,0,8.24E-04,0.0267958,0.0450498,0.0590043,0.0627645,0.0522454,0.0472285,0.0451659,0.04401249,0.04333533,0.04238905,0.04127376,0.03981968,0.03767289,0.03519375,0.03276964,0.03052011,0.02835429,0.02623381,0.02421003,EJ
"Ref,date=2022-17-1T08:00:53-08:00",Rest of Thailand,trn_pass_road,refined liquids,0.0388806,0.0809021,0.0805872,0.091263,0.1146327,0.1187731,0.0932593,0.0807729,0.0743079,0.0694557,0.0656089,0.0615882,0.0574915,0.0531921,0.0483415,0.0434215,0.03891269,0.0349658,0.03142903,0.02818742,0.02525213,EJ
"Ref,date=2022-17-1T08:00:53-08:00",Rest of Thailand,trn_pass_road_LDV,electricity,0,0,0,0,0.00131691,0.00193613,0.00312266,0.00369463,0.00415679,0.00447368,0.00465226,0.00441172,0.0042525,0.00409211,0.00395075,0.00382851,0.00368431,0.00352627,0.00338183,0.0032139,0.00293324,EJ
"Ref,date=2022-17-1T08:00:53-08:00",Rest of Thailand,trn_pass_road_LDV,gas,0,7.98E-05,0.00259384,0.00436087,0.00545826,0.00550588,0.00731325,0.00771921,0.00781151,0.0081876,0.00842409,0.00785104,0.00743392,0.00694959,0.00651857,0.00614624,0.00582494,0.00537381,0.00482478,0.00432567,0.00398944,EJ
"Ref,date=2022-17-1T08:00:53-08:00",Rest of Thailand,trn_pass_road_LDV,refined liquids,0.07704,0.160305,0.159681,0.180835,0.115014,0.0834538,0.0827417,0.0697727,0.0569891,0.0481828,0.0404235,0.0345901,0.0295671,0.0253356,0.0217873,0.0188345,0.0165941,0.0145363,0.0126816,0.0110893,0.00996719,EJ
"Ref,date=2022-17-1T08:00:53-08:00",Rest of Thailand,trn_pass_road_LDV_4W,electricity,0,0,0,0,2.78E-05,3.48E-04,0.001619486,0.002344193,0.002851401,0.003128576,0.003311175,0.00346714,0.003650065,0.003820767,0.003986538,0.004127541,0.004229971,0.004231833,0.004163187,0.004047971,0.003897742,EJ
"Ref,date=2022-17-1T08:00:53-08:00",Rest of Thailand,trn_pass_road_LDV_4W,gas,0,7.44E-04,0.02419824,0.04068285,0.033779779,0.028616546,0.023743453,0.01932352,0.01562233,0.015967062,0.016303725,0.017121642,0.018208126,0.019317077,0.020420179,0.021497972,0.022529401,0.02309612,0.02326977,0.023146944,0.022763659,EJ
"Ref,date=2022-17-1T08:00:53-08:00",Rest of Thailand,trn_pass_road_LDV_4W,hydrogen,0,0,0,0,0,2.95E-07,2.83E-06,6.99E-06,1.48E-05,2.88E-05,5.40E-05,7.72E-05,9.52E-05,1.09E-04,1.19E-04,1.26E-04,1.34E-04,1.38E-04,1.40E-04,1.40E-04,1.39E-04,EJ
"Ref,date=2022-17-1T08:00:53-08:00",Rest of Thailand,trn_pass_road_LDV_4W,refined liquids,0.0751101,0.1562888,0.1556806,0.1763043,0.147529005,0.137300503,0.150386674,0.153357687,0.154953506,0.169942692,0.18507408,0.200119459,0.21316422,0.22312402,0.2304717,0.23557536,0.23932937,0.2382881,0.2336953,0.22655642,0.21712688,EJ
"Ref,date=2022-17-1T08:00:53-08:00",Rest of Thailand,trn_shipping_intl,refined liquids,0.0590237,0.179803,0.168078,0.042702,0.0458014,0.049488,0.0534802,0.0578461,0.0624007,0.0670928,0.0719777,0.0770059,0.0822916,0.0879893,0.0940412,0.100608,0.10773,0.115376,0.123498,0.132161,0.141859,EJ
"Ref,date=2022-17-1T08:00:53-08:00",SamutPrakan,comm cooling,electricity,0.00107296,0.00331999,0.00445675,0.00358443,0.00374671,0.00387596,0.00400266,0.00409664,0.00419663,0.00427606,0.00432434,0.00430821,0.00423543,0.00410591,0.00392459,0.00369289,0.00342979,0.00315909,0.00288131,0.00261341,0.00239259,EJ
"Ref,date=2022-17-1T08:00:53-08:00",SamutPrakan,comm heating,gas,0,0,8.57E-06,4.75E-06,5.51E-06,6.12E-06,6.76E-06,7.24E-06,7.64E-06,7.97E-06,8.17E-06,8.29E-06,8.35E-06,8.27E-06,8.10E-06,7.81E-06,7.42E-06,6.97E-06,6.45E-06,5.94E-06,5.52E-06,EJ
"Ref,date=2022-17-1T08:00:53-08:00",SamutPrakan,comm heating,refined liquids,3.23E-06,4.97E-06,2.11E-06,9.64E-07,9.44E-07,1.12E-06,1.25E-06,1.42E-06,1.59E-06,1.73E-06,1.88E-06,1.95E-06,1.94E-06,1.91E-06,1.84E-06,1.74E-06,1.63E-06,1.55E-06,1.48E-06,1.41E-06,1.35E-06,EJ
"Ref,date=2022-17-1T08:00:53-08:00",SamutPrakan,comm others,electricity,0.00158089,0.00489176,0.00656671,0.00528143,0.00651403,0.00786476,0.00932297,0.0106701,0.0118671,0.012906,0.0138271,0.0145748,0.0151298,0.0154375,0.0155,0.0152734,0.0148499,0.0142919,0.0136111,0.012882,0.012232,EJ
"Ref,date=2022-17-1T08:00:53-08:00",SamutPrakan,comm others,gas,0,0,2.60E-06,2.10E-06,2.48E-06,2.75E-06,2.94E-06,3.01E-06,3.05E-06,3.26E-06,3.46E-06,3.44E-06,3.35E-06,3.20E-06,2.89E-06,2.71E-06,2.64E-06,2.51E-06,2.28E-06,2.01E-06,1.76E-06,EJ
"Ref,date=2022-17-1T08:00:53-08:00",SamutPrakan,comm others,refined liquids,9.49E-04,0.00146169,0.0030746,0.00166081,0.00148005,0.0014543,0.00132788,0.00117644,0.00104476,9.60E-04,8.86E-04,7.31E-04,5.70E-04,4.40E-04,3.17E-04,2.35E-04,1.85E-04,1.43E-04,1.09E-04,7.99E-05,5.81E-05,EJ
"Ref,date=2022-17-1T08:00:53-08:00",SamutPrakan,industrial energy use,biomass,0.0207974,0.0249184,0.0319231,0.0258845,0.0268168,0.0278863,0.0282386,0.0278754,0.027143,0.0269176,0.0271241,0.0265613,0.0258331,0.0251467,0.0242344,0.0235676,0.0233459,0.0232416,0.0230956,0.0228709,0.0226444,EJ
"Ref,date=2022-17-1T08:00:53-08:00",SamutPrakan,industrial energy use,coal,0,0.0103778,0.0178514,0.0123622,0.0139618,0.0145794,0.0145992,0.0145606,0.0148586,0.0154475,0.0163054,0.0166072,0.0166125,0.0165979,0.0163151,0.0162073,0.0165495,0.0168942,0.0172013,0.0173519,0.0175173,EJ
"Ref,date=2022-17-1T08:00:53-08:00",SamutPrakan,industrial energy use,electricity,0.0033893,0.0111541,0.0127077,0.0145014,0.0171375,0.0189214,0.0216737,0.0242771,0.0264203,0.0270128,0.0271803,0.0284625,0.0304219,0.0323286,0.0354684,0.0373594,0.0375428,0.0379144,0.0387727,0.040153,0.0421071,EJ
"Ref,date=2022-17-1T08:00:53-08:00",SamutPrakan,industrial energy use,gas,0.0030015,0.0173739,0.01954,0.0227987,0.0262721,0.0269446,0.0281104,0.0283621,0.0285143,0.0294326,0.0298487,0.0299511,0.0303917,0.0306632,0.0305204,0.0309399,0.0318591,0.0322536,0.0318099,0.0311136,0.0304258,EJ
"Ref,date=2022-17-1T08:00:53-08:00",SamutPrakan,industrial energy use,hydrogen,0,0,0,0,4.73E-05,1.05E-04,1.69E-04,2.39E-04,3.21E-04,4.24E-04,5.47E-04,5.87E-04,6.27E-04,6.71E-04,6.93E-04,7.27E-04,7.80E-04,8.33E-04,8.82E-04,9.26E-04,9.22E-04,EJ
"Ref,date=2022-17-1T08:00:53-08:00",SamutPrakan,industrial energy use,refined liquids,0.0127608,0.0198448,0.0168325,0.0188074,0.0186463,0.0203996,0.0216732,0.0230089,0.0246897,0.0265603,0.0286393,0.0294652,0.029613,0.0298564,0.0294473,0.0293797,0.0300786,0.0308998,0.0316456,0.0321182,0.0325007,EJ
"Ref,date=2022-17-1T08:00:53-08:00",SamutPrakan,industrial feedstocks,gas,0,0,0.0027777,0.0033992,0.00394264,0.00399659,0.00416642,0.0041902,0.00414959,0.00415491,0.00408842,0.00405304,0.00409916,0.00412252,0.00415947,0.00421902,0.00425915,0.00423836,0.0041383,0.00403512,0.00393363,EJ
"Ref,date=2022-17-1T08:00:53-08:00",SamutPrakan,industrial feedstocks,refined liquids,0.00110055,0.0308766,0.0434413,0.0438601,0.0471298,0.0496065,0.0518407,0.0533452,0.0547468,0.0560759,0.0573765,0.0578198,0.0581153,0.058378,0.05851,0.0585851,0.0587639,0.058953,0.0590134,0.0589827,0.0588899,EJ
"Ref,date=2022-17-1T08:00:53-08:00",SamutPrakan,resid cooling,electricity,0.00131618,0.00410337,0.00530443,0.0054623,0.00582527,0.00618706,0.00652418,0.00679686,0.00706413,0.00728494,0.00744627,0.00747628,0.00739811,0.00719855,0.00690225,0.00650741,0.00604754,0.0055673,0.00507009,0.00458237,0.004191,EJ
"Ref,date=2022-17-1T08:00:53-08:00",SamutPrakan,resid heating,refined liquids,1.14E-05,2.78E-05,3.50E-05,2.85E-05,3.12E-05,3.43E-05,3.74E-05,4.02E-05,4.31E-05,4.57E-05,4.80E-05,4.96E-05,5.04E-05,5.04E-05,4.96E-05,4.80E-05,4.58E-05,4.33E-05,4.04E-05,3.75E-05,3.51E-05,EJ
"Ref,date=2022-17-1T08:00:53-08:00",SamutPrakan,resid heating,traditional biomass,4.69E-06,4.59E-06,5.28E-06,4.39E-06,4.47E-06,3.38E-06,2.57E-06,1.86E-06,1.36E-06,9.99E-07,7.33E-07,5.26E-07,3.74E-07,2.57E-07,1.73E-07,1.11E-07,7.05E-08,4.38E-08,2.68E-08,1.63E-08,9.93E-09,EJ
"Ref,date=2022-17-1T08:00:53-08:00",SamutPrakan,resid others,biomass,0.00898666,0.00744611,0.00918073,0.0067555,0.00805103,0.00846774,0.00851719,0.00811341,0.00736013,0.00680712,0.00632183,0.00542889,0.00445839,0.00355999,0.00268113,0.0020423,0.00161322,0.00125734,9.55E-04,7.08E-04,5.18E-04,EJ
"Ref,date=2022-17-1T08:00:53-08:00",SamutPrakan,resid others,electricity,4.39E-04,0.0013678,0.00176812,0.00182077,0.00243553,0.00325726,0.00436795,0.00567101,0.00708619,0.00839689,0.00964364,0.0110274,0.0123012,0.0132704,0.0139705,0.0142063,0.0140862,0.0137646,0.013269,0.012681,0.0121336,EJ
"Ref,date=2022-17-1T08:00:53-08:00",SamutPrakan,resid others,refined liquids,0.00137651,0.0033645,0.00423986,0.00346115,0.00334405,0.00363842,0.00375573,0.00377223,0.00376189,0.00376528,0.0037271,0.00333332,0.00279269,0.00227568,0.00171974,0.00131675,0.00105409,8.30E-04,6.36E-04,4.73E-04,3.46E-04,EJ
"Ref,date=2022-17-1T08:00:53-08:00",SamutPrakan,resid others,traditional biomass,0.00716815,0.00709781,0.00812911,0.0066632,0.00669033,0.00597955,0.00510571,0.0041692,0.00341036,0.00283284,0.00235028,0.00178125,0.00126958,8.69E-04,5.49E-04,3.45E-04,2.25E-04,1.43E-04,8.88E-05,5.33E-05,3.14E-05,EJ
"Ref,date=2022-17-1T08:00:53-08:00",SamutPrakan,trn_aviation_intl,refined liquids,0.00139525,0.00253767,0.00278468,0.00369529,0.00412174,0.00470696,0.00530402,0.00587408,0.00643966,0.00697823,0.00747261,0.00804046,0.00854823,0.0089928,0.00934411,0.00961378,0.00982308,0.00995534,0.00999367,0.00995448,0.00985677,EJ
"Ref,date=2022-17-1T08:00:53-08:00",SamutPrakan,trn_freight,electricity,0,2.00E-06,2.40E-06,6.40E-06,7.27E-06,8.36E-06,9.73E-06,1.12E-05,1.28E-05,1.47E-05,1.67E-05,1.92E-05,2.22E-05,2.56E-05,2.98E-05,3.44E-05,3.94E-05,4.50E-05,5.16E-05,5.92E-05,6.83E-05,EJ
"Ref,date=2022-17-1T08:00:53-08:00",SamutPrakan,trn_freight,refined liquids,3.11E-04,1.26E-04,1.34E-04,2.08E-04,2.20E-04,2.55E-04,2.97E-04,3.45E-04,3.98E-04,4.63E-04,5.36E-04,6.14E-04,7.02E-04,8.04E-04,9.20E-04,0.001055537,0.001211647,0.001392455,0.00159704,0.001831116,0.002098416,EJ
"Ref,date=2022-17-1T08:00:53-08:00",SamutPrakan,trn_freight_road,electricity,0,0,0,0,8.79E-08,4.77E-07,1.98E-06,4.52E-06,7.20E-06,1.08E-05,1.55E-05,1.99E-05,2.40E-05,2.81E-05,3.27E-05,3.78E-05,4.31E-05,4.87E-05,5.48E-05,6.21E-05,7.09E-05,EJ
"Ref,date=2022-17-1T08:00:53-08:00",SamutPrakan,trn_freight_road,gas,0,0,0,0,7.41E-05,2.03E-04,3.82E-04,6.41E-04,8.33E-04,0.001078381,0.00139293,0.001786059,0.002273372,0.002864857,0.00358295,0.004457667,0.005487518,0.006684817,0.00802509,0.009544051,0.011286361,EJ
"Ref,date=2022-17-1T08:00:53-08:00",SamutPrakan,trn_freight_road,refined liquids,0.002630034,0.005469439,0.005448051,0.006391805,0.00703431,0.007688799,0.008119203,0.00829148,0.00880484,0.009422889,0.010211157,0.011250554,0.012536332,0.014028005,0.015704875,0.017590748,0.019704248,0.02211528,0.024858272,0.027988206,0.031596214,EJ
"Ref,date=2022-17-1T08:00:53-08:00",SamutPrakan,trn_pass,electricity,0,1.80E-06,2.20E-06,5.80E-06,9.38E-06,1.43E-05,2.16E-05,3.20E-05,4.85E-05,7.12E-05,1.01E-04,1.31E-04,1.65E-04,2.02E-04,2.40E-04,2.77E-04,3.11E-04,3.41E-04,3.65E-04,3.84E-04,3.98E-04,EJ
"Ref,date=2022-17-1T08:00:53-08:00",SamutPrakan,trn_pass,refined liquids,1.29E-04,2.45E-04,2.60E-04,3.31E-04,3.84E-04,4.57E-04,5.39E-04,6.29E-04,7.15E-04,7.99E-04,8.78E-04,9.57E-04,0.001024147,0.001079136,0.001118369,0.001140541,0.001148634,0.001140932,0.001116628,0.001079288,0.001032769,EJ
"Ref,date=2022-17-1T08:00:53-08:00",SamutPrakan,trn_pass_road,electricity,0,0,0,0,2.93E-05,7.12E-05,1.35E-04,1.63E-04,1.69E-04,1.61E-04,1.55E-04,1.46E-04,1.37E-04,1.27E-04,1.16E-04,1.05E-04,9.55E-05,8.66E-05,7.85E-05,7.10E-05,6.41E-05,EJ
"Ref,date=2022-17-1T08:00:53-08:00",SamutPrakan,trn_pass_road,gas,0,1.77E-05,5.75E-04,0.00100101,0.001310813,0.001364372,0.001103628,9.63E-04,8.98E-04,8.58E-04,8.34E-04,8.10E-04,7.86E-04,7.59E-04,7.20E-04,6.77E-04,6.36E-04,5.98E-04,5.60E-04,5.22E-04,4.86E-04,EJ
"Ref,date=2022-17-1T08:00:53-08:00",SamutPrakan,trn_pass_road,refined liquids,8.34E-04,0.00173537,0.00172888,0.00202782,0.00254658,0.002584712,0.001972106,0.001648479,0.001479161,0.00135514,0.00126236,0.001176438,0.001094411,0.001013194,9.23E-04,8.35E-04,7.55E-04,6.85E-04,6.21E-04,5.61E-04,5.06E-04,EJ
"Ref,date=2022-17-1T08:00:53-08:00",SamutPrakan,trn_pass_road_LDV,electricity,0,0,0,0,3.06E-05,4.39E-05,7.13E-05,8.48E-05,9.52E-05,1.03E-04,1.08E-04,1.03E-04,9.93E-05,9.61E-05,9.33E-05,9.14E-05,8.89E-05,8.58E-05,8.28E-05,7.92E-05,7.28E-05,EJ
"Ref,date=2022-17-1T08:00:53-08:00",SamutPrakan,trn_pass_road_LDV,gas,0,1.70E-06,5.57E-05,9.69E-05,1.27E-04,1.25E-04,1.67E-04,1.77E-04,1.79E-04,1.89E-04,1.96E-04,1.83E-04,1.74E-04,1.63E-04,1.54E-04,1.47E-04,1.41E-04,1.31E-04,1.18E-04,1.07E-04,9.91E-05,EJ
"Ref,date=2022-17-1T08:00:53-08:00",SamutPrakan,trn_pass_road_LDV,refined liquids,0.0016535,0.00343848,0.00342558,0.00401804,0.00267558,0.00189324,0.00189045,0.00160165,0.00130556,0.0011131,9.40E-04,8.06E-04,6.91E-04,5.95E-04,5.15E-04,4.50E-04,4.00E-04,3.54E-04,3.10E-04,2.73E-04,2.47E-04,EJ
"Ref,date=2022-17-1T08:00:53-08:00",SamutPrakan,trn_pass_road_LDV_4W,electricity,0,0,0,0,0,4.03E-06,2.65E-05,3.72E-05,4.30E-05,4.35E-05,4.26E-05,4.03E-05,3.86E-05,3.71E-05,3.58E-05,3.49E-05,3.39E-05,3.24E-05,3.06E-05,2.88E-05,2.69E-05,EJ
"Ref,date=2022-17-1T08:00:53-08:00",SamutPrakan,trn_pass_road_LDV_4W,gas,0,1.60E-05,5.19E-04,9.04E-04,6.91E-04,5.60E-04,4.33E-04,3.23E-04,2.29E-04,2.21E-04,2.09E-04,1.98E-04,1.91E-04,1.86E-04,1.82E-04,1.80E-04,1.79E-04,1.75E-04,1.69E-04,1.63E-04,1.56E-04,EJ
"Ref,date=2022-17-1T08:00:53-08:00",SamutPrakan,trn_pass_road_LDV_4W,hydrogen,0,0,0,0,0,3.60E-09,4.71E-08,1.08E-07,2.10E-07,3.63E-07,6.35E-07,8.48E-07,9.67E-07,1.03E-06,1.04E-06,1.05E-06,1.05E-06,1.04E-06,1.01E-06,9.78E-07,9.43E-07,EJ
"Ref,date=2022-17-1T08:00:53-08:00",SamutPrakan,trn_pass_road_LDV_4W,refined liquids,0.001612019,0.003352339,0.003339752,0.003917362,0.002994433,0.002579671,0.002642355,0.002495034,0.002303409,0.002349785,0.002371048,0.002324294,0.002257608,0.002173483,0.002082558,0.002000307,0.001928128,0.001831898,0.001723063,0.001614079,0.001505284,EJ
"Ref,date=2022-17-1T08:00:53-08:00",SamutPrakan,trn_shipping_intl,refined liquids,0.00126684,0.0038568,0.00360579,9.49E-04,9.88E-04,0.00106744,0.00115346,0.00124774,0.00134572,0.00144705,0.00155257,0.00166082,0.0017746,0.00189787,0.00202814,0.00217027,0.00232347,0.0024889,0.00266361,0.00284988,0.0030597,EJ
"Ref,date=2022-17-1T08:00:53-08:00",Thailand,N fertilizer,gas,0,0.00381278,0.0037909,0.00309178,0.00788877,0.01119327,0.01453218,0.01685133,0.019020347,0.021214269,0.022997921,0.023753124,0.024199978,0.024451417,0.024374826,0.02422816,0.024109617,0.023838072,0.023256015,0.022607519,0.022063672,EJ
"Ref,date=2022-17-1T08:00:53-08:00",Thailand,N fertilizer,refined liquids,0,0,0,0,0,0,0,0,0,0,0,0,0,0,0,0,0,0,0,0,0,EJ
"Ref,date=2022-17-1T08:00:53-08:00",Thailand,cement,electricity,0.00855952,0.0171494,0.0141197,0.0141197,0.0175304,0.0180822,0.0185967,0.0187202,0.0187476,0.0186668,0.0185334,0.0181298,0.0177156,0.0172697,0.0168402,0.0163673,0.0159388,0.0154928,0.0150382,0.0145834,0.014124,EJ
"Ref,date=2022-17-1T08:00:53-08:00",Thailand,process heat cement,biomass,0.0153376,0.0228443,0.0189446,0.0189446,0.0235964,0.024416,0.025583,0.0255593,0.0242978,0.0229896,0.0217046,0.0204403,0.0195124,0.0186178,0.0178881,0.0170562,0.0160758,0.0152303,0.0144371,0.013772,0.0131374,EJ
"Ref,date=2022-17-1T08:00:53-08:00",Thailand,process heat cement,coal,0.0557577,0.114222,0.0947229,0.0947229,0.108175,0.109308,0.109618,0.108157,0.107248,0.105733,0.103963,0.100486,0.0967349,0.0928184,0.0889917,0.0850926,0.0817288,0.0781929,0.0746467,0.0710695,0.0675222,EJ
"Ref,date=2022-17-1T08:00:53-08:00",Thailand,process heat cement,refined liquids,0.00296231,0.00571106,0.00473615,0.00473615,0.00457638,0.00490482,0.0053082,0.00564428,0.00593755,0.00609285,0.00612671,0.00598228,0.00579217,0.00561408,0.00538708,0.00514834,0.00491177,0.0046991,0.00448696,0.0042808,0.00408454,EJ
